data,sensitive attrs,bias mitigation,other,f1score,[DF] Differential Fairness,f1score,[DF] Differential Fairness,f1score,[DF] Differential Fairness,f1score,[DF] Differential Fairness,f1score,[DF] Differential Fairness,f1score,[DF] Differential Fairness
,,,,DecisionTreeRegressor,DecisionTreeRegressor,LogisticRegression,LogisticRegression,NaiveBayes,NaiveBayes,RandomForestClassifier,RandomForestClassifier,SupportVectorClassifier,SupportVectorClassifier,nn keras,nn keras
Adult Dataset,['sex'],FYP VAE,"{'c': 'FYP', 'my model config': ""VAEMaskConfig(epochs=1500, latent_dim=30, mask_values=None vae_layers=(75, 60, 30, 30), lr=0.006, \nlosses_used=['Flipped ADV loss', 'Latent sens ADV loss', 'Reconstruction loss', 'KL divergence loss'])Flipped ADV loss: {'weight': 0.01, 'lr': 0.05, 'optimizer': 'Adam', 'layers': (75, 30, 10), 'input_dim': 25, 'sens_col_ids': [24]}, Latent sens ADV loss: {'weight': 0.1, 'lr': 0.05, 'optimizer': 'Adam', 'layers': (75, 30, 10), 'input_dim': 29}, Reconstruction loss: {'weight': 15}, KL divergence loss: {'weight': 0.05}, Sensitive KL loss: {'weight': 9000, 'sens_col_ids': [24]}, Pos Y vec loss: {'weight': 1200000}""}",0.47405362145567354,0.10603603895096761,0.5034617857442895,0.24293584346547942,0.5659827129930244,0.14489192433412823,0.4643957631072225,0.22263402822707284,0.5213927498186173,0.2474676826797491,0.5177817471701379,0.21784733786057978
Adult Dataset,['sex'],FYP VAE,"{'c': 'FYP', 'my model config': ""VAEMaskConfig(epochs=1500, latent_dim=30, mask_values=None vae_layers=(75, 60, 30, 30), lr=0.006, \nlosses_used=['Flipped ADV loss', 'Pos Y vec loss', 'Reconstruction loss', 'KL divergence loss'])Flipped ADV loss: {'weight': 0.01, 'lr': 0.05, 'optimizer': 'Adam', 'layers': (75, 30, 10), 'input_dim': 25, 'sens_col_ids': [24]}, Pos Y vec loss: {'weight': 1200000}, Reconstruction loss: {'weight': 15}, KL divergence loss: {'weight': 0.05}, Latent sens ADV loss: {'weight': 0.1, 'lr': 0.05, 'optimizer': 'Adam', 'layers': (75, 30, 10), 'input_dim': 29}, Sensitive KL loss: {'weight': 9000, 'sens_col_ids': [24]}""}",0.46604356835291644,0.08611908947784705,0.5193913985697114,0.19945074091646678,0.5582665733076887,0.0907055585966142,0.46120469542583925,0.15861374125268274,0.5227040896715867,0.19534362135418842,0.5363782742895401,0.17381751956301267
Adult Dataset,['sex'],FYP VAE,"{'c': 'FYP', 'my model config': ""VAEMaskConfig(epochs=1500, latent_dim=30, mask_values=None vae_layers=(75, 60, 30, 30), lr=0.006, \nlosses_used=['Flipped ADV loss', 'Reconstruction loss', 'KL divergence loss'])Flipped ADV loss: {'weight': 0.01, 'lr': 0.05, 'optimizer': 'Adam', 'layers': (75, 30, 10), 'input_dim': 25, 'sens_col_ids': [24]}, Reconstruction loss: {'weight': 15}, KL divergence loss: {'weight': 0.05}, Latent sens ADV loss: {'weight': 0.1, 'lr': 0.05, 'optimizer': 'Adam', 'layers': (75, 30, 10), 'input_dim': 29}, Sensitive KL loss: {'weight': 9000, 'sens_col_ids': [24]}, Pos Y vec loss: {'weight': 1200000}""}",0.461184828384254,0.10469730748077817,0.5136618681709463,0.23902536566333374,0.5585881089897107,0.11201182879938346,0.4611861891479133,0.18438100330974586,0.5199558205948192,0.21391777499025083,0.5295714265048008,0.22651866545053942
Adult Dataset,['sex'],FYP VAE,"{'c': 'FYP', 'my model config': ""VAEMaskConfig(epochs=1500, latent_dim=30, mask_values=None vae_layers=(75, 60, 30, 30), lr=0.006, \nlosses_used=['Flipped ADV loss', 'Sensitive KL loss', 'Reconstruction loss', 'KL divergence loss'])Flipped ADV loss: {'weight': 0.01, 'lr': 0.05, 'optimizer': 'Adam', 'layers': (75, 30, 10), 'input_dim': 25, 'sens_col_ids': [24]}, Sensitive KL loss: {'weight': 9000, 'sens_col_ids': [24]}, Reconstruction loss: {'weight': 15}, KL divergence loss: {'weight': 0.05}, Latent sens ADV loss: {'weight': 0.1, 'lr': 0.05, 'optimizer': 'Adam', 'layers': (75, 30, 10), 'input_dim': 29}, Pos Y vec loss: {'weight': 1200000}""}",0.46529442628001083,0.07471704914273465,0.5181765540110483,0.18509011953038446,0.5515400114354676,0.08156354423695832,0.4639223277482376,0.13606582681535567,0.5279303408117385,0.17665223349542997,0.5327017290850626,0.1789624519759533
Adult Dataset,['sex'],FYP VAE,"{'c': 'FYP', 'my model config': ""VAEMaskConfig(epochs=1500, latent_dim=30, mask_values=None vae_layers=(75, 60, 30, 30), lr=0.006, \nlosses_used=['Latent sens ADV loss', 'Pos Y vec loss', 'Reconstruction loss', 'KL divergence loss'])Latent sens ADV loss: {'weight': 0.1, 'lr': 0.05, 'optimizer': 'Adam', 'layers': (75, 30, 10), 'input_dim': 29}, Pos Y vec loss: {'weight': 1200000}, Reconstruction loss: {'weight': 15}, KL divergence loss: {'weight': 0.05}, Flipped ADV loss: {'weight': 0.01, 'lr': 0.05, 'optimizer': 'Adam', 'layers': (75, 30, 10), 'input_dim': 25, 'sens_col_ids': [24]}, Sensitive KL loss: {'weight': 9000, 'sens_col_ids': [24]}""}",0.46932330570149083,0.11736726801259612,0.5185159318332453,0.18875759249507065,0.5630284184109798,0.11779968797956908,0.4670639964014097,0.15894675346619433,0.5295363979606246,0.1930470525446264,0.5302408882054432,0.16809140996008906
Adult Dataset,['sex'],FYP VAE,"{'c': 'FYP', 'my model config': ""VAEMaskConfig(epochs=1500, latent_dim=30, mask_values=None vae_layers=(75, 60, 30, 30), lr=0.006, \nlosses_used=['Latent sens ADV loss', 'Reconstruction loss', 'KL divergence loss'])Latent sens ADV loss: {'weight': 0.1, 'lr': 0.05, 'optimizer': 'Adam', 'layers': (75, 30, 10), 'input_dim': 29}, Reconstruction loss: {'weight': 15}, KL divergence loss: {'weight': 0.05}, Flipped ADV loss: {'weight': 0.01, 'lr': 0.05, 'optimizer': 'Adam', 'layers': (75, 30, 10), 'input_dim': 25, 'sens_col_ids': [24]}, Sensitive KL loss: {'weight': 9000, 'sens_col_ids': [24]}, Pos Y vec loss: {'weight': 1200000}""}",0.45696116586485197,0.13036583638754193,0.4476665268965762,0.22455895616217392,0.5398469996824222,0.14617190731816057,0.41904561789230377,0.2155812329657183,0.46988598099081685,0.22345271351946003,0.47254129778023674,0.20606716273269526
Adult Dataset,['sex'],FYP VAE,"{'c': 'FYP', 'my model config': ""VAEMaskConfig(epochs=1500, latent_dim=30, mask_values=None vae_layers=(75, 60, 30, 30), lr=0.006, \nlosses_used=['Pos Y vec loss', 'Reconstruction loss', 'KL divergence loss'])Pos Y vec loss: {'weight': 1200000}, Reconstruction loss: {'weight': 15}, KL divergence loss: {'weight': 0.05}, Latent sens ADV loss: {'weight': 0.1, 'lr': 0.05, 'optimizer': 'Adam', 'layers': (75, 30, 10), 'input_dim': 29}, Flipped ADV loss: {'weight': 0.01, 'lr': 0.05, 'optimizer': 'Adam', 'layers': (75, 30, 10), 'input_dim': 25, 'sens_col_ids': [24]}, Sensitive KL loss: {'weight': 9000, 'sens_col_ids': [24]}""}",0.4606914239950866,0.07999500904600941,0.5179038474565398,0.21671720065702296,0.5595071846500683,0.09769085176065198,0.46102750630385936,0.16479975506193478,0.5298331642381354,0.19005897269714572,0.5309616809659488,0.19838619605354976
Adult Dataset,['sex'],FYP VAE,"{'c': 'FYP', 'my model config': ""VAEMaskConfig(epochs=1500, latent_dim=30, mask_values=None vae_layers=(75, 60, 30, 30), lr=0.006, \nlosses_used=['Reconstruction loss', 'KL divergence loss'])Reconstruction loss: {'weight': 15}, KL divergence loss: {'weight': 0.05}, Latent sens ADV loss: {'weight': 0.1, 'lr': 0.05, 'optimizer': 'Adam', 'layers': (75, 30, 10), 'input_dim': 29}, Flipped ADV loss: {'weight': 0.01, 'lr': 0.05, 'optimizer': 'Adam', 'layers': (75, 30, 10), 'input_dim': 25, 'sens_col_ids': [24]}, Sensitive KL loss: {'weight': 9000, 'sens_col_ids': [24]}, Pos Y vec loss: {'weight': 1200000}""}",0.46720011600749556,0.08303475731104788,0.5186686153991084,0.2509231849461303,0.5607972084223485,0.10632935533058281,0.4647853250960713,0.17962129633203275,0.5301088788978968,0.23560318373159111,0.5371666849182795,0.23821696662395814
Adult Dataset,['sex'],FYP VAE,"{'c': 'FYP', 'my model config': ""VAEMaskConfig(epochs=1500, latent_dim=30, mask_values=None vae_layers=(75, 60, 30, 30), lr=0.006, \nlosses_used=['Sensitive KL loss', 'Latent sens ADV loss', 'Reconstruction loss', 'KL divergence loss'])Sensitive KL loss: {'weight': 9000, 'sens_col_ids': [24]}, Latent sens ADV loss: {'weight': 0.1, 'lr': 0.05, 'optimizer': 'Adam', 'layers': (75, 30, 10), 'input_dim': 29}, Reconstruction loss: {'weight': 15}, KL divergence loss: {'weight': 0.05}, Flipped ADV loss: {'weight': 0.01, 'lr': 0.05, 'optimizer': 'Adam', 'layers': (75, 30, 10), 'input_dim': 25, 'sens_col_ids': [24]}, Pos Y vec loss: {'weight': 1200000}""}",0.46888427193582477,0.09569707418355197,0.511742526154604,0.14361185167765533,0.556360272540749,0.0939342882930713,0.4649354374222659,0.138238615982725,0.5242547075154593,0.14435181334301547,0.5271063837510085,0.11912282345045384
Adult Dataset,['sex'],FYP VAE,"{'c': 'FYP', 'my model config': ""VAEMaskConfig(epochs=1500, latent_dim=30, mask_values=None vae_layers=(75, 60, 30, 30), lr=0.006, \nlosses_used=['Sensitive KL loss', 'Pos Y vec loss', 'Reconstruction loss', 'KL divergence loss'])Sensitive KL loss: {'weight': 9000, 'sens_col_ids': [24]}, Pos Y vec loss: {'weight': 1200000}, Reconstruction loss: {'weight': 15}, KL divergence loss: {'weight': 0.05}, Latent sens ADV loss: {'weight': 0.1, 'lr': 0.05, 'optimizer': 'Adam', 'layers': (75, 30, 10), 'input_dim': 29}, Flipped ADV loss: {'weight': 0.01, 'lr': 0.05, 'optimizer': 'Adam', 'layers': (75, 30, 10), 'input_dim': 25, 'sens_col_ids': [24]}""}",0.4703200044454971,0.06143044481836888,0.5216759898176868,0.2245608443888572,0.5592105167050752,0.07605259975657652,0.47581068479028926,0.16000721923093242,0.5360997452774344,0.21513209332931874,0.5369021589329208,0.20374848489254616
Adult Dataset,['sex'],FYP VAE,"{'c': 'FYP', 'my model config': ""VAEMaskConfig(epochs=1500, latent_dim=30, mask_values=None vae_layers=(75, 60, 30, 30), lr=0.006, \nlosses_used=['Sensitive KL loss', 'Reconstruction loss', 'KL divergence loss'])Sensitive KL loss: {'weight': 9000, 'sens_col_ids': [24]}, Reconstruction loss: {'weight': 15}, KL divergence loss: {'weight': 0.05}, Latent sens ADV loss: {'weight': 0.1, 'lr': 0.05, 'optimizer': 'Adam', 'layers': (75, 30, 10), 'input_dim': 29}, Flipped ADV loss: {'weight': 0.01, 'lr': 0.05, 'optimizer': 'Adam', 'layers': (75, 30, 10), 'input_dim': 25, 'sens_col_ids': [24]}, Pos Y vec loss: {'weight': 1200000}""}",0.4698476568383276,0.092679791397366,0.5197815513392812,0.1672276171690736,0.5533304119717266,0.08828573570220628,0.46608007837630483,0.14097453790501827,0.5299883783739638,0.17309799332810774,0.5306846273728529,0.15692369854145133
Adult Dataset,['sex'],FairBalance Bias Mitigation,{},0.623013924264395,0.9939353082677862,0.6609825664522828,0.5975636302783295,0.6341314580458846,0.9081984800067555,0.6584492133233337,1.1572684956232495,0.6783130469176577,0.7457935651316173,0.6508778138939707,0.8750891444662565
Adult Dataset,['sex'],FairMask Bias Mitigation,{},0.6254506599432548,0.9553896376413613,0.6483886190560876,1.400235401289349,0.6332067388157515,1.3504477648240114,0.6526121886815063,1.1699271884302844,0.6622334175094429,1.3129934547097308,0.656894880866172,1.31596971634341
Adult Dataset,['sex'],LFR,{'c': 'LFR'},0.5776988890766265,0.9090674058794466,0.6177627308288204,1.2857791222650616,0.6370212751357924,0.6519423774988695,0.6274163723923907,1.143995570882511,0.6100256253590779,1.1855285829286906,0.646309032947794,1.166005963158558
Adult Dataset,['sex'],No Bias Mitigation,{},0.6280224213049032,0.9767159578430812,0.6474746356919767,1.5069695688377662,0.632658629049226,1.5368120248559687,0.6581374204922521,1.1450495056908139,0.6636768297947901,1.2372340808480002,0.6553713129549413,1.3158899663789816
Adult Dataset,['sex'],Reweighing Bias Mitigation,{},0.615579801440642,0.8222183563255161,0.6348986630326673,0.6634270019890681,0.6354968085399475,0.9453798782653813,0.6551412717772122,1.0630914154381108,0.6380392828297416,0.5113313980694795,0.6256607583836827,0.7146430275568703
Compas Dataset,['sex'],FYP VAE,"{'c': 'FYP', 'my model config': ""VAEMaskConfig(epochs=1800, latent_dim=17, mask_values=None vae_layers=(100, 75, 50), lr=0.006, \nlosses_used=['Flipped ADV loss', 'Latent sens ADV loss', 'Reconstruction loss', 'KL divergence loss'])Flipped ADV loss: {'weight': 0.01, 'lr': 0.05, 'optimizer': 'Adam', 'layers': (75, 30, 10), 'input_dim': 10, 'sens_col_ids': [7]}, Latent sens ADV loss: {'weight': 0.1, 'lr': 0.05, 'optimizer': 'Adam', 'layers': (75, 30, 10), 'input_dim': 16}, Reconstruction loss: {'weight': 15}, KL divergence loss: {'weight': 0.05}, Sensitive KL loss: {'weight': 9000, 'sens_col_ids': [7]}, Pos Y vec loss: {'weight': 1200000}""}",0.6415247075010195,0.09885708758210346,0.7299060513897888,0.17800243156017187,0.7333492293310394,0.36620062553706145,0.6785331015411178,0.13918957989526531,0.7315157617082682,0.18360930780511045,0.7200083023181924,0.18922298594430204
Compas Dataset,['sex'],FYP VAE,"{'c': 'FYP', 'my model config': ""VAEMaskConfig(epochs=1800, latent_dim=17, mask_values=None vae_layers=(100, 75, 50), lr=0.006, \nlosses_used=['Flipped ADV loss', 'Pos Y vec loss', 'Reconstruction loss', 'KL divergence loss'])Flipped ADV loss: {'weight': 0.01, 'lr': 0.05, 'optimizer': 'Adam', 'layers': (75, 30, 10), 'input_dim': 10, 'sens_col_ids': [7]}, Pos Y vec loss: {'weight': 1200000}, Reconstruction loss: {'weight': 15}, KL divergence loss: {'weight': 0.05}, Latent sens ADV loss: {'weight': 0.1, 'lr': 0.05, 'optimizer': 'Adam', 'layers': (75, 30, 10), 'input_dim': 16}, Sensitive KL loss: {'weight': 9000, 'sens_col_ids': [7]}""}",0.6443153423280911,0.10621249658055201,0.7294504499642511,0.2285138529701581,0.7336825195831909,0.4668185852440252,0.6800387689153907,0.1410891282675298,0.7320039820140535,0.23960168868088577,0.7203879860376089,0.2218106954997528
Compas Dataset,['sex'],FYP VAE,"{'c': 'FYP', 'my model config': ""VAEMaskConfig(epochs=1800, latent_dim=17, mask_values=None vae_layers=(100, 75, 50), lr=0.006, \nlosses_used=['Flipped ADV loss', 'Reconstruction loss', 'KL divergence loss'])Flipped ADV loss: {'weight': 0.01, 'lr': 0.05, 'optimizer': 'Adam', 'layers': (75, 30, 10), 'input_dim': 10, 'sens_col_ids': [7]}, Reconstruction loss: {'weight': 15}, KL divergence loss: {'weight': 0.05}, Latent sens ADV loss: {'weight': 0.1, 'lr': 0.05, 'optimizer': 'Adam', 'layers': (75, 30, 10), 'input_dim': 16}, Sensitive KL loss: {'weight': 9000, 'sens_col_ids': [7]}, Pos Y vec loss: {'weight': 1200000}""}",0.6430290768570316,0.09088008050607821,0.7285516040864397,0.1985316930061518,0.7333389610043345,0.44551084538794505,0.6760009438296004,0.11695773002439706,0.7311503361372804,0.19789911300019888,0.7188900669063719,0.18941458708618336
Compas Dataset,['sex'],FYP VAE,"{'c': 'FYP', 'my model config': ""VAEMaskConfig(epochs=1800, latent_dim=17, mask_values=None vae_layers=(100, 75, 50), lr=0.006, \nlosses_used=['Flipped ADV loss', 'Sensitive KL loss', 'Reconstruction loss', 'KL divergence loss'])Flipped ADV loss: {'weight': 0.01, 'lr': 0.05, 'optimizer': 'Adam', 'layers': (75, 30, 10), 'input_dim': 10, 'sens_col_ids': [7]}, Sensitive KL loss: {'weight': 9000, 'sens_col_ids': [7]}, Reconstruction loss: {'weight': 15}, KL divergence loss: {'weight': 0.05}, Latent sens ADV loss: {'weight': 0.1, 'lr': 0.05, 'optimizer': 'Adam', 'layers': (75, 30, 10), 'input_dim': 16}, Pos Y vec loss: {'weight': 1200000}""}",0.6364638738380569,0.09897522955290623,0.7274704068116706,0.12711440078637454,0.7324692943902102,0.31403737844634294,0.6755173061714309,0.11266167554922868,0.7305782591748095,0.12559578477337768,0.7168752261317707,0.13548042699688523
Compas Dataset,['sex'],FYP VAE,"{'c': 'FYP', 'my model config': ""VAEMaskConfig(epochs=1800, latent_dim=17, mask_values=None vae_layers=(100, 75, 50), lr=0.006, \nlosses_used=['Latent sens ADV loss', 'Pos Y vec loss', 'Reconstruction loss', 'KL divergence loss'])Latent sens ADV loss: {'weight': 0.1, 'lr': 0.05, 'optimizer': 'Adam', 'layers': (75, 30, 10), 'input_dim': 16}, Pos Y vec loss: {'weight': 1200000}, Reconstruction loss: {'weight': 15}, KL divergence loss: {'weight': 0.05}, Flipped ADV loss: {'weight': 0.01, 'lr': 0.05, 'optimizer': 'Adam', 'layers': (75, 30, 10), 'input_dim': 10, 'sens_col_ids': [7]}, Sensitive KL loss: {'weight': 9000, 'sens_col_ids': [7]}""}",0.6405440259584315,0.10239776647134466,0.7284821342610064,0.19981688914856532,0.7339382728475528,0.3907233279400263,0.6754985599197815,0.14540301325592547,0.7305595609544947,0.20550509479830295,0.7180191898319326,0.19724604910678395
Compas Dataset,['sex'],FYP VAE,"{'c': 'FYP', 'my model config': ""VAEMaskConfig(epochs=1800, latent_dim=17, mask_values=None vae_layers=(100, 75, 50), lr=0.006, \nlosses_used=['Latent sens ADV loss', 'Reconstruction loss', 'KL divergence loss'])Latent sens ADV loss: {'weight': 0.1, 'lr': 0.05, 'optimizer': 'Adam', 'layers': (75, 30, 10), 'input_dim': 16}, Reconstruction loss: {'weight': 15}, KL divergence loss: {'weight': 0.05}, Flipped ADV loss: {'weight': 0.01, 'lr': 0.05, 'optimizer': 'Adam', 'layers': (75, 30, 10), 'input_dim': 10, 'sens_col_ids': [7]}, Sensitive KL loss: {'weight': 9000, 'sens_col_ids': [7]}, Pos Y vec loss: {'weight': 1200000}""}",0.6430736017595452,0.12167479405162011,0.7285444173888667,0.17181049663900944,0.7332833448644656,0.3702657110767177,0.6788410961343403,0.1380069175287361,0.7313723247324659,0.174253295802623,0.7188778141732357,0.1783656459140764
Compas Dataset,['sex'],FYP VAE,"{'c': 'FYP', 'my model config': ""VAEMaskConfig(epochs=1800, latent_dim=17, mask_values=None vae_layers=(100, 75, 50), lr=0.006, \nlosses_used=['Pos Y vec loss', 'Reconstruction loss', 'KL divergence loss'])Pos Y vec loss: {'weight': 1200000}, Reconstruction loss: {'weight': 15}, KL divergence loss: {'weight': 0.05}, Latent sens ADV loss: {'weight': 0.1, 'lr': 0.05, 'optimizer': 'Adam', 'layers': (75, 30, 10), 'input_dim': 16}, Flipped ADV loss: {'weight': 0.01, 'lr': 0.05, 'optimizer': 'Adam', 'layers': (75, 30, 10), 'input_dim': 10, 'sens_col_ids': [7]}, Sensitive KL loss: {'weight': 9000, 'sens_col_ids': [7]}""}",0.6403969339330564,0.10939454686396247,0.7305611015570754,0.2357676454745133,0.7336377910629889,0.48284502779541816,0.6774476483290617,0.13987240140165233,0.732456026315397,0.23808299245356984,0.7201206036524749,0.2408739162263907
Compas Dataset,['sex'],FYP VAE,"{'c': 'FYP', 'my model config': ""VAEMaskConfig(epochs=1800, latent_dim=17, mask_values=None vae_layers=(100, 75, 50), lr=0.006, \nlosses_used=['Reconstruction loss', 'KL divergence loss'])Reconstruction loss: {'weight': 15}, KL divergence loss: {'weight': 0.05}, Latent sens ADV loss: {'weight': 0.1, 'lr': 0.05, 'optimizer': 'Adam', 'layers': (75, 30, 10), 'input_dim': 16}, Flipped ADV loss: {'weight': 0.01, 'lr': 0.05, 'optimizer': 'Adam', 'layers': (75, 30, 10), 'input_dim': 10, 'sens_col_ids': [7]}, Sensitive KL loss: {'weight': 9000, 'sens_col_ids': [7]}, Pos Y vec loss: {'weight': 1200000}""}",0.6404756354929954,0.10532415955304127,0.7284294257317474,0.2136655600442489,0.7337214660180159,0.4593449188243725,0.6704791601918452,0.13933317859043026,0.7315934665152587,0.2171312433350403,0.7165491019038569,0.2077879854835035
Compas Dataset,['sex'],FYP VAE,"{'c': 'FYP', 'my model config': ""VAEMaskConfig(epochs=1800, latent_dim=17, mask_values=None vae_layers=(100, 75, 50), lr=0.006, \nlosses_used=['Sensitive KL loss', 'Latent sens ADV loss', 'Reconstruction loss', 'KL divergence loss'])Sensitive KL loss: {'weight': 9000, 'sens_col_ids': [7]}, Latent sens ADV loss: {'weight': 0.1, 'lr': 0.05, 'optimizer': 'Adam', 'layers': (75, 30, 10), 'input_dim': 16}, Reconstruction loss: {'weight': 15}, KL divergence loss: {'weight': 0.05}, Flipped ADV loss: {'weight': 0.01, 'lr': 0.05, 'optimizer': 'Adam', 'layers': (75, 30, 10), 'input_dim': 10, 'sens_col_ids': [7]}, Pos Y vec loss: {'weight': 1200000}""}",0.6384846060194636,0.10632611167705427,0.7265292273093008,0.1608287867671132,0.7330614132614391,0.31961806810672766,0.6741126140647773,0.12283302514135534,0.7306698909528317,0.1632510729232341,0.717281111027104,0.17056936288445024
Compas Dataset,['sex'],FYP VAE,"{'c': 'FYP', 'my model config': ""VAEMaskConfig(epochs=1800, latent_dim=17, mask_values=None vae_layers=(100, 75, 50), lr=0.006, \nlosses_used=['Sensitive KL loss', 'Pos Y vec loss', 'Reconstruction loss', 'KL divergence loss'])Sensitive KL loss: {'weight': 9000, 'sens_col_ids': [7]}, Pos Y vec loss: {'weight': 1200000}, Reconstruction loss: {'weight': 15}, KL divergence loss: {'weight': 0.05}, Latent sens ADV loss: {'weight': 0.1, 'lr': 0.05, 'optimizer': 'Adam', 'layers': (75, 30, 10), 'input_dim': 16}, Flipped ADV loss: {'weight': 0.01, 'lr': 0.05, 'optimizer': 'Adam', 'layers': (75, 30, 10), 'input_dim': 10, 'sens_col_ids': [7]}""}",0.6382680381618842,0.0837364927256478,0.7279351716663427,0.16231219122512203,0.7332689861735642,0.33142697521684855,0.6743143855107496,0.11374352596947579,0.7293113015115104,0.15608380427896168,0.7163855317650747,0.1641846039772087
Compas Dataset,['sex'],FYP VAE,"{'c': 'FYP', 'my model config': ""VAEMaskConfig(epochs=1800, latent_dim=17, mask_values=None vae_layers=(100, 75, 50), lr=0.006, \nlosses_used=['Sensitive KL loss', 'Reconstruction loss', 'KL divergence loss'])Sensitive KL loss: {'weight': 9000, 'sens_col_ids': [7]}, Reconstruction loss: {'weight': 15}, KL divergence loss: {'weight': 0.05}, Latent sens ADV loss: {'weight': 0.1, 'lr': 0.05, 'optimizer': 'Adam', 'layers': (75, 30, 10), 'input_dim': 16}, Flipped ADV loss: {'weight': 0.01, 'lr': 0.05, 'optimizer': 'Adam', 'layers': (75, 30, 10), 'input_dim': 10, 'sens_col_ids': [7]}, Pos Y vec loss: {'weight': 1200000}""}",0.6457426066698332,0.10544837279119482,0.729024231541185,0.1485720697758079,0.7325584663265009,0.3336232090470054,0.6799975527067461,0.11873625609117391,0.7306252315351831,0.14649897979421317,0.718532617469149,0.15851355679882093
Compas Dataset,['sex'],FairBalance Bias Mitigation,{},0.627721858992547,0.2410785122668317,0.7015252194098711,0.08523273886140433,0.7349582440274098,0.7109900201813015,0.6750023652196652,0.3512099991156429,0.7102875275266951,0.20091017107992445,0.6712590646389749,0.2025633385726752
Compas Dataset,['sex'],FairMask Bias Mitigation,{},0.6502306313380883,0.17590929218468043,0.7296427114471802,0.3913247800606295,0.7337238100000109,0.7541900832469424,0.6700708512730867,0.23215174166394897,0.7370637035418685,0.4259506712945592,0.7222758312696215,0.410658393776583
Compas Dataset,['sex'],LFR,{'c': 'LFR'},0.6535934891811424,0.1308803081803731,0.7259892491748986,0.13307990768741224,0.7218265684882843,0.16657200086749638,0.688750299396711,0.20485194700209322,0.7316423902727334,0.16091796858886026,0.7150529819596221,0.19834140179313633
Compas Dataset,['sex'],No Bias Mitigation,{},0.6523582192388615,0.2593899831668142,0.7305524598636478,0.8223731795174425,0.7347270396503572,1.1394504020780096,0.6752582400679448,0.3925512091281015,0.7373593820654465,0.6293907512728113,0.7235188445303671,0.5969823383559295
Compas Dataset,['sex'],Reweighing Bias Mitigation,{},0.6484371724054816,0.1838255452356249,0.7296476211097259,0.14101315694343503,0.7342498448104844,0.7350183111311834,0.6767332977637187,0.35145626118144613,0.7376049155159861,0.261947428711787,0.689026142492429,0.1843573211364059
Default Dataset,['sex'],FYP VAE,"{'c': 'FYP', 'my model config': ""VAEMaskConfig(epochs=1500, latent_dim=20, mask_values=None vae_layers=(75, 60, 30, 30), lr=0.006, \nlosses_used=['Flipped ADV loss', 'Latent sens ADV loss', 'Reconstruction loss', 'KL divergence loss'])Flipped ADV loss: {'weight': 0.01, 'lr': 0.05, 'optimizer': 'Adam', 'layers': (75, 30, 10), 'input_dim': 26, 'sens_col_ids': [25]}, Latent sens ADV loss: {'weight': 0.1, 'lr': 0.05, 'optimizer': 'Adam', 'layers': (75, 30, 10), 'input_dim': 19}, Reconstruction loss: {'weight': 15}, KL divergence loss: {'weight': 0.05}, Sensitive KL loss: {'weight': 9000, 'sens_col_ids': [25]}, Pos Y vec loss: {'weight': 1200000}""}",0.8506013207,0.084643532025,0.8825341129750001,0.15709426529999998,0.701494222275,0.0564982988,0.8838685676000001,0.158486406375,0.8840008201,0.1609786795,0.881703221275,0.162482136075
Default Dataset,['sex'],FYP VAE,"{'c': 'FYP', 'my model config': ""VAEMaskConfig(epochs=1500, latent_dim=20, mask_values=None vae_layers=(75, 60, 30, 30), lr=0.006, \nlosses_used=['Flipped ADV loss', 'Pos Y vec loss', 'Reconstruction loss', 'KL divergence loss'])Flipped ADV loss: {'weight': 0.01, 'lr': 0.05, 'optimizer': 'Adam', 'layers': (75, 30, 10), 'input_dim': 26, 'sens_col_ids': [25]}, Pos Y vec loss: {'weight': 1200000}, Reconstruction loss: {'weight': 15}, KL divergence loss: {'weight': 0.05}, Latent sens ADV loss: {'weight': 0.1, 'lr': 0.05, 'optimizer': 'Adam', 'layers': (75, 30, 10), 'input_dim': 19}, Sensitive KL loss: {'weight': 9000, 'sens_col_ids': [25]}""}",0.8496422483749999,0.10656926742499999,0.883231894775,0.195957077025,0.69963595365,0.05713184892499999,0.8837419633250001,0.20336197302499998,0.8843485177,0.21394427232500002,0.881210692725,0.20133458134999999
Default Dataset,['sex'],FYP VAE,"{'c': 'FYP', 'my model config': ""VAEMaskConfig(epochs=1500, latent_dim=20, mask_values=None vae_layers=(75, 60, 30, 30), lr=0.006, \nlosses_used=['Flipped ADV loss', 'Reconstruction loss', 'KL divergence loss'])Flipped ADV loss: {'weight': 0.01, 'lr': 0.05, 'optimizer': 'Adam', 'layers': (75, 30, 10), 'input_dim': 26, 'sens_col_ids': [25]}, Reconstruction loss: {'weight': 15}, KL divergence loss: {'weight': 0.05}, Latent sens ADV loss: {'weight': 0.1, 'lr': 0.05, 'optimizer': 'Adam', 'layers': (75, 30, 10), 'input_dim': 19}, Sensitive KL loss: {'weight': 9000, 'sens_col_ids': [25]}, Pos Y vec loss: {'weight': 1200000}""}",0.848428943225,0.091304896325,0.882951001675,0.18615811835,0.7000798942750001,0.05693129902500001,0.8837476078,0.184390019825,0.8840917852000001,0.1774682393,0.8816370123749999,0.193370443
Default Dataset,['sex'],FYP VAE,"{'c': 'FYP', 'my model config': ""VAEMaskConfig(epochs=1500, latent_dim=20, mask_values=None vae_layers=(75, 60, 30, 30), lr=0.006, \nlosses_used=['Flipped ADV loss', 'Sensitive KL loss', 'Reconstruction loss', 'KL divergence loss'])Flipped ADV loss: {'weight': 0.01, 'lr': 0.05, 'optimizer': 'Adam', 'layers': (75, 30, 10), 'input_dim': 26, 'sens_col_ids': [25]}, Sensitive KL loss: {'weight': 9000, 'sens_col_ids': [25]}, Reconstruction loss: {'weight': 15}, KL divergence loss: {'weight': 0.05}, Latent sens ADV loss: {'weight': 0.1, 'lr': 0.05, 'optimizer': 'Adam', 'layers': (75, 30, 10), 'input_dim': 19}, Pos Y vec loss: {'weight': 1200000}""}",0.8499964187,0.0725396554,0.8832071027999999,0.15698595740000001,0.7022683409,0.046469485425,0.883688810125,0.1458435974,0.8838056362250001,0.14470471795,0.8815422444,0.154178944175
Default Dataset,['sex'],FYP VAE,"{'c': 'FYP', 'my model config': ""VAEMaskConfig(epochs=1500, latent_dim=20, mask_values=None vae_layers=(75, 60, 30, 30), lr=0.006, \nlosses_used=['Latent sens ADV loss', 'Pos Y vec loss', 'Reconstruction loss', 'KL divergence loss'])Latent sens ADV loss: {'weight': 0.1, 'lr': 0.05, 'optimizer': 'Adam', 'layers': (75, 30, 10), 'input_dim': 19}, Pos Y vec loss: {'weight': 1200000}, Reconstruction loss: {'weight': 15}, KL divergence loss: {'weight': 0.05}, Flipped ADV loss: {'weight': 0.01, 'lr': 0.05, 'optimizer': 'Adam', 'layers': (75, 30, 10), 'input_dim': 26, 'sens_col_ids': [25]}, Sensitive KL loss: {'weight': 9000, 'sens_col_ids': [25]}""}",0.8493222019,0.1040681426,0.883082352075,0.174095534975,0.699104006325,0.057960238600000005,0.8836702083500001,0.146654807725,0.884367548625,0.163929209625,0.8811208313,0.172632561575
Default Dataset,['sex'],FYP VAE,"{'c': 'FYP', 'my model config': ""VAEMaskConfig(epochs=1500, latent_dim=20, mask_values=None vae_layers=(75, 60, 30, 30), lr=0.006, \nlosses_used=['Latent sens ADV loss', 'Reconstruction loss', 'KL divergence loss'])Latent sens ADV loss: {'weight': 0.1, 'lr': 0.05, 'optimizer': 'Adam', 'layers': (75, 30, 10), 'input_dim': 19}, Reconstruction loss: {'weight': 15}, KL divergence loss: {'weight': 0.05}, Flipped ADV loss: {'weight': 0.01, 'lr': 0.05, 'optimizer': 'Adam', 'layers': (75, 30, 10), 'input_dim': 26, 'sens_col_ids': [25]}, Sensitive KL loss: {'weight': 9000, 'sens_col_ids': [25]}, Pos Y vec loss: {'weight': 1200000}""}",0.8495996176749999,0.09335773665,0.883160253475,0.17132716142499999,0.6993072628,0.04840757015,0.8839097311499999,0.17976349185,0.8840518789,0.181595446375,0.880825688325,0.16671994175
Default Dataset,['sex'],FYP VAE,"{'c': 'FYP', 'my model config': ""VAEMaskConfig(epochs=1500, latent_dim=20, mask_values=None vae_layers=(75, 60, 30, 30), lr=0.006, \nlosses_used=['Pos Y vec loss', 'Reconstruction loss', 'KL divergence loss'])Pos Y vec loss: {'weight': 1200000}, Reconstruction loss: {'weight': 15}, KL divergence loss: {'weight': 0.05}, Latent sens ADV loss: {'weight': 0.1, 'lr': 0.05, 'optimizer': 'Adam', 'layers': (75, 30, 10), 'input_dim': 19}, Flipped ADV loss: {'weight': 0.01, 'lr': 0.05, 'optimizer': 'Adam', 'layers': (75, 30, 10), 'input_dim': 26, 'sens_col_ids': [25]}, Sensitive KL loss: {'weight': 9000, 'sens_col_ids': [25]}""}",0.849315526725,0.11374621970000001,0.88327909535,0.20447358155,0.7010306962999999,0.05702582472499999,0.8837332633499999,0.20320757115000002,0.884029760275,0.19958910754999998,0.881208027225,0.196934896975
Default Dataset,['sex'],FYP VAE,"{'c': 'FYP', 'my model config': ""VAEMaskConfig(epochs=1500, latent_dim=20, mask_values=None vae_layers=(75, 60, 30, 30), lr=0.006, \nlosses_used=['Reconstruction loss', 'KL divergence loss'])Reconstruction loss: {'weight': 15}, KL divergence loss: {'weight': 0.05}, Latent sens ADV loss: {'weight': 0.1, 'lr': 0.05, 'optimizer': 'Adam', 'layers': (75, 30, 10), 'input_dim': 19}, Flipped ADV loss: {'weight': 0.01, 'lr': 0.05, 'optimizer': 'Adam', 'layers': (75, 30, 10), 'input_dim': 26, 'sens_col_ids': [25]}, Sensitive KL loss: {'weight': 9000, 'sens_col_ids': [25]}, Pos Y vec loss: {'weight': 1200000}""}",0.8483095816,0.109648255325,0.883264553975,0.1869573562,0.7051409046,0.05792403235,0.8838292001999999,0.1922953892,0.8842635381000001,0.1988858366,0.881521777625,0.19476674505
Default Dataset,['sex'],FYP VAE,"{'c': 'FYP', 'my model config': ""VAEMaskConfig(epochs=1500, latent_dim=20, mask_values=None vae_layers=(75, 60, 30, 30), lr=0.006, \nlosses_used=['Sensitive KL loss', 'Latent sens ADV loss', 'Reconstruction loss', 'KL divergence loss'])Sensitive KL loss: {'weight': 9000, 'sens_col_ids': [25]}, Latent sens ADV loss: {'weight': 0.1, 'lr': 0.05, 'optimizer': 'Adam', 'layers': (75, 30, 10), 'input_dim': 19}, Reconstruction loss: {'weight': 15}, KL divergence loss: {'weight': 0.05}, Flipped ADV loss: {'weight': 0.01, 'lr': 0.05, 'optimizer': 'Adam', 'layers': (75, 30, 10), 'input_dim': 26, 'sens_col_ids': [25]}, Pos Y vec loss: {'weight': 1200000}""}",0.85108982235,0.08398097172499999,0.8832438171,0.1592427511,0.6983579666249999,0.055165781625,0.8838670050499999,0.16962997600000002,0.8841723841,0.18507212012500002,0.8816278021749999,0.167472373225
Default Dataset,['sex'],FYP VAE,"{'c': 'FYP', 'my model config': ""VAEMaskConfig(epochs=1500, latent_dim=20, mask_values=None vae_layers=(75, 60, 30, 30), lr=0.006, \nlosses_used=['Sensitive KL loss', 'Pos Y vec loss', 'Reconstruction loss', 'KL divergence loss'])Sensitive KL loss: {'weight': 9000, 'sens_col_ids': [25]}, Pos Y vec loss: {'weight': 1200000}, Reconstruction loss: {'weight': 15}, KL divergence loss: {'weight': 0.05}, Latent sens ADV loss: {'weight': 0.1, 'lr': 0.05, 'optimizer': 'Adam', 'layers': (75, 30, 10), 'input_dim': 19}, Flipped ADV loss: {'weight': 0.01, 'lr': 0.05, 'optimizer': 'Adam', 'layers': (75, 30, 10), 'input_dim': 26, 'sens_col_ids': [25]}""}",0.849956191975,0.090305072,0.883271457575,0.14944768662500002,0.6989002297,0.048518526925,0.8840194573250001,0.153168490225,0.8843152115749999,0.1507255536,0.8811161861500001,0.161772431975
Default Dataset,['sex'],FYP VAE,"{'c': 'FYP', 'my model config': ""VAEMaskConfig(epochs=1500, latent_dim=20, mask_values=None vae_layers=(75, 60, 30, 30), lr=0.006, \nlosses_used=['Sensitive KL loss', 'Reconstruction loss', 'KL divergence loss'])Sensitive KL loss: {'weight': 9000, 'sens_col_ids': [25]}, Reconstruction loss: {'weight': 15}, KL divergence loss: {'weight': 0.05}, Latent sens ADV loss: {'weight': 0.1, 'lr': 0.05, 'optimizer': 'Adam', 'layers': (75, 30, 10), 'input_dim': 19}, Flipped ADV loss: {'weight': 0.01, 'lr': 0.05, 'optimizer': 'Adam', 'layers': (75, 30, 10), 'input_dim': 26, 'sens_col_ids': [25]}, Pos Y vec loss: {'weight': 1200000}""}",0.849464950225,0.098472146725,0.8834985497250001,0.15235234577499998,0.703360847475,0.04318866825,0.8836624710500001,0.1514723203,0.884264475825,0.152130886375,0.8817270752749999,0.15491255797499998
Default Dataset,['sex'],FairBalance Bias Mitigation,{},0.8278121968000001,0.106613583625,0.775558120575,0.051958796249999994,0.447086118825,0.051189395474999996,0.8882964580999999,0.20162582750000002,0.8516518818750001,0.132506973025,0.7936650543,0.0708594556
Default Dataset,['sex'],FairMask Bias Mitigation,{},0.820830619,0.10647772312499999,0.8883204746000001,0.2517420694,0.7084014871,0.082072004075,0.88749349935,0.21366565182500002,0.891448067275,0.2110343792,0.8874329019999999,0.23029241522500002
Default Dataset,['sex'],LFR,{'c': 'LFR'},0.8177275261249999,0.12387208812499999,0.8851953523,0.22842578910000003,0.873464601525,0.18072205667500002,0.879897913825,0.20358985802500001,0.885040975325,0.19757916955000002,0.8849915612,0.18915893305
Default Dataset,['sex'],No Bias Mitigation,{},0.8206146894499999,0.138857476275,0.8884752873,0.41749708255,0.70917460955,0.202729316525,0.88780310415,0.240821533925,0.8913987362,0.21471624452500002,0.8879773957499999,0.26313434739999997
Default Dataset,['sex'],Reweighing Bias Mitigation,{},0.8214852775500001,0.1135268462,0.8881183537249999,0.123696607575,0.69344755465,0.065301706625,0.8873577921500001,0.20872823017500003,0.891439500975,0.1797142029,0.84867435225,0.112743058925
