timestamp,nr samples,same data split,Dataset,Bias Mitigation,ML method,ML bias mit,Sensitive attrs,other,accuracy,precision,recall,sex|[AOD] Average Odds Difference,sex|[EOD] Equal Opportunity Difference,sex|[SPD] Statistical Parity Difference,sex|[DI] Disparate Impact,[SF] Statistical Parity Subgroup Fairness,VAR|accuracy,VAR|precision,VAR|recall,VAR|sex|[AOD] Average Odds Difference,VAR|sex|[EOD] Equal Opportunity Difference,VAR|sex|[SPD] Statistical Parity Difference,VAR|sex|[DI] Disparate Impact,VAR|[SF] Statistical Parity Subgroup Fairness,sensitive|[AOD] Average Odds Difference,sensitive|[EOD] Equal Opportunity Difference,sensitive|[SPD] Statistical Parity Difference,sensitive|[DI] Disparate Impact,VAR|sensitive|[AOD] Average Odds Difference,VAR|sensitive|[EOD] Equal Opportunity Difference,VAR|sensitive|[SPD] Statistical Parity Difference,VAR|sensitive|[DI] Disparate Impact
2023-10-28 22:28:26.740208,1,False,Adult Dataset,Reweighing Bias Mitigation,LogisticRegression,,['sex'],"{'save intermediate results to file': True, 'iter_1': 70}",0.8068774946269573,0.7133,0.3816,0.01758,0.04345,0.07339,0.53813,0.0164951161141884,0.0,0.0,0.0,0.0,0.0,0.0,0.0,0.0,,,,,,,,
2023-10-28 22:28:26.436952,1,False,Adult Dataset,FairMask Bias Mitigation,LogisticRegression,DecisionTreeRegressor,['sex'],"{'save intermediate results to file': True, 'iter_1': 70}",0.8167024869511821,0.67429,0.45385,0.03325,0.05036,0.09631,0.49979,0.0211430018847009,0.0,0.0,0.0,0.0,0.0,0.0,0.0,0.0,,,,,,,,
2023-10-28 22:28:26.182425,1,False,Adult Dataset,No Bias Mitigation,LogisticRegression,,['sex'],"{'save intermediate results to file': True, 'iter_1': 70}",0.8262204482652747,0.72746,0.45051,0.17641,0.27372,0.18119,0.14183,0.0405630667807058,0.0,0.0,0.0,0.0,0.0,0.0,0.0,0.0,,,,,,,,
2023-10-28 22:28:26.005421,1,False,Adult Dataset,FYP VAE,LogisticRegression,,['sex'],{'save intermediate results to file': True},0.7638931532084741,0.0,0.0,0.0,0.0,0.0,0.0,0.0,0.0,0.0,0.0,0.0,0.0,0.0,0.0,0.0,,,,,,,,
2023-10-28 22:26:45.798901,1,False,Adult Dataset,Reweighing Bias Mitigation,LogisticRegression,,['sex'],"{'save intermediate results to file': True, 'iter_1': 70}",0.8145532698802579,0.72109,0.398,0.01184,0.03319,0.07105,0.55575,0.01606563091856,0.0,0.0,0.0,0.0,0.0,0.0,0.0,0.0,,,,,,,,
2023-10-28 22:26:45.484094,1,False,Adult Dataset,FairMask Bias Mitigation,LogisticRegression,DecisionTreeRegressor,['sex'],"{'save intermediate results to file': True, 'iter_1': 70}",0.8200798280626344,0.67031,0.47607,0.0555,0.09991,0.09868,0.5093,0.0218094769358625,0.0,0.0,0.0,0.0,0.0,0.0,0.0,0.0,,,,,,,,
2023-10-28 22:26:45.197955,1,False,Adult Dataset,No Bias Mitigation,LogisticRegression,,['sex'],"{'save intermediate results to file': True, 'iter_1': 70}",0.8173165489714461,0.69604,0.4088,0.1674,0.25783,0.16653,0.14342,0.0368393848859483,0.0,0.0,0.0,0.0,0.0,0.0,0.0,0.0,,,,,,,,
2023-10-28 22:26:45.002846,1,False,Adult Dataset,FYP VAE,LogisticRegression,,['sex'],{'save intermediate results to file': True},0.7602087810868898,0.0,0.0,0.0,0.0,0.0,0.0,0.0,0.0,0.0,0.0,0.0,0.0,0.0,0.0,0.0,,,,,,,,
2023-10-28 22:25:02.541055,1,False,Adult Dataset,Reweighing Bias Mitigation,LogisticRegression,,['sex'],"{'save intermediate results to file': True, 'iter_1': 70}",0.8090267116978815,0.71059,0.37703,0.01685,0.03865,0.06523,0.57023,0.0143410913731639,0.0,0.0,0.0,0.0,0.0,0.0,0.0,0.0,,,,,,,,
2023-10-28 22:25:02.238160,1,False,Adult Dataset,FairMask Bias Mitigation,LogisticRegression,DecisionTreeRegressor,['sex'],"{'save intermediate results to file': True, 'iter_1': 70}",0.8093337427080135,0.66362,0.45375,0.05699,0.10305,0.10471,0.48285,0.0231421442340622,0.0,0.0,0.0,0.0,0.0,0.0,0.0,0.0,,,,,,,,
2023-10-28 22:25:01.985591,1,False,Adult Dataset,No Bias Mitigation,LogisticRegression,,['sex'],"{'save intermediate results to file': True, 'iter_1': 70}",0.8133251458397298,0.7066,0.37194,0.12825,0.20042,0.13586,0.20726,0.0303598710752561,0.0,0.0,0.0,0.0,0.0,0.0,0.0,0.0,,,,,,,,
2023-10-28 22:25:01.820718,1,False,Adult Dataset,FYP VAE,LogisticRegression,,['sex'],{'save intermediate results to file': True},0.7623579981578139,0.0,0.0,0.0,0.0,0.0,0.0,0.0,0.0,0.0,0.0,0.0,0.0,0.0,0.0,0.0,,,,,,,,
2023-10-28 22:22:36.844283,1,False,Adult Dataset,Reweighing Bias Mitigation,LogisticRegression,,['sex'],"{'save intermediate results to file': True, 'iter_1': 70}",0.8203868590727663,0.70862,0.39791,0.01134,0.01507,0.07408,0.52804,0.0166426455986392,0.0,0.0,0.0,0.0,0.0,0.0,0.0,0.0,,,,,,,,
2023-10-28 22:22:36.543772,1,False,Adult Dataset,FairMask Bias Mitigation,LogisticRegression,DecisionTreeRegressor,['sex'],"{'save intermediate results to file': True, 'iter_1': 70}",0.803807184525637,0.62669,0.42078,0.02244,0.02615,0.09324,0.5083,0.0206555418437452,0.0,0.0,0.0,0.0,0.0,0.0,0.0,0.0,,,,,,,,
2023-10-28 22:22:36.303893,1,False,Adult Dataset,No Bias Mitigation,LogisticRegression,,['sex'],"{'save intermediate results to file': True, 'iter_1': 70}",0.8259134172551428,0.72624,0.41851,0.18978,0.31048,0.17138,0.10721,0.0377867786998344,0.0,0.0,0.0,0.0,0.0,0.0,0.0,0.0,,,,,,,,
2023-10-28 22:22:36.129203,1,False,Adult Dataset,FYP VAE,LogisticRegression,,['sex'],{'save intermediate results to file': True},0.7537611298741173,0.0,0.0,0.0,0.0,0.0,0.0,0.0,0.0,0.0,0.0,0.0,0.0,0.0,0.0,0.0,,,,,,,,
2023-10-28 22:21:40.316914,1,False,Adult Dataset,Reweighing Bias Mitigation,LogisticRegression,,['sex'],"{'save intermediate results to file': True, 'iter_1': 70}",0.8093337427080135,0.73028,0.35786,0.0552,0.10577,0.0801,0.45739,0.0178835900927682,0.0,0.0,0.0,0.0,0.0,0.0,0.0,0.0,,,,,,,,
2023-10-28 22:21:40.023779,1,False,Adult Dataset,FairMask Bias Mitigation,LogisticRegression,DecisionTreeRegressor,['sex'],"{'save intermediate results to file': True, 'iter_1': 70}",0.8081056186674854,0.63842,0.43912,0.05108,0.08439,0.09587,0.50799,0.0212585745031909,0.0,0.0,0.0,0.0,0.0,0.0,0.0,0.0,,,,,,,,
2023-10-28 22:21:39.758957,1,False,Adult Dataset,No Bias Mitigation,LogisticRegression,,['sex'],"{'save intermediate results to file': True, 'iter_1': 70}",0.8182376420018422,0.70536,0.40722,0.16834,0.26404,0.16903,0.13387,0.0379737122254997,0.0,0.0,0.0,0.0,0.0,0.0,0.0,0.0,,,,,,,,
2023-10-28 22:21:39.604570,1,False,Adult Dataset,FYP VAE,LogisticRegression,,['sex'],{'save intermediate results to file': True},0.750076757752533,0.0,0.0,0.0,0.0,0.0,0.0,0.0,0.0,0.0,0.0,0.0,0.0,0.0,0.0,0.0,,,,,,,,
2023-10-28 22:12:15.895108,1,False,Adult Dataset,Reweighing Bias Mitigation,LogisticRegression,,['sex'],"{'save intermediate results to file': True, 'iter_1': 70}",0.81486030089039,0.72656,0.35907,0.03034,0.05399,0.06485,0.53717,0.014607398589505,0.0,0.0,0.0,0.0,0.0,0.0,0.0,0.0,,,,,,,,
2023-10-28 22:12:15.577758,1,False,Adult Dataset,FairMask Bias Mitigation,LogisticRegression,DecisionTreeRegressor,['sex'],"{'save intermediate results to file': True, 'iter_1': 70}",0.8188517040221063,0.68097,0.46556,0.05259,0.09523,0.08902,0.53867,0.0193389001125466,0.0,0.0,0.0,0.0,0.0,0.0,0.0,0.0,,,,,,,,
2023-10-28 22:12:14.945429,1,False,Adult Dataset,No Bias Mitigation,LogisticRegression,,['sex'],"{'save intermediate results to file': True, 'iter_1': 70}",0.8249923242247467,0.69919,0.44909,0.12746,0.17787,0.16302,0.20017,0.0356820561443485,0.0,0.0,0.0,0.0,0.0,0.0,0.0,0.0,,,,,,,,
2023-10-28 22:12:14.608766,1,False,Adult Dataset,FYP VAE,LogisticRegression,,['sex'],{'save intermediate results to file': True},0.7491556647221369,0.0,0.0,0.0,0.0,0.0,0.0,0.0,0.0,0.0,0.0,0.0,0.0,0.0,0.0,0.0,,,,,,,,
2023-10-28 22:08:20.299797,1,False,Dummy Dataset,Reweighing Bias Mitigation,LogisticRegression,,['sensitive'],"{'save intermediate results to file': True, 'iter_1': 70}",0.876,0.85167,0.85167,,,,,0.000756,0.0,0.0,0.0,,,,,0.0,0.01343,0.02105,0.00307,0.99269,0.0,0.0,0.0,0.0
2023-10-28 22:08:20.186985,1,False,Dummy Dataset,FairMask Bias Mitigation,LogisticRegression,DecisionTreeRegressor,['sensitive'],"{'save intermediate results to file': True, 'iter_1': 70}",0.886,0.86413,0.83246,,,,,0.000464,0.0,0.0,0.0,,,,,0.0,0.01466,0.03084,0.00194,0.99475,0.0,0.0,0.0,0.0
2023-10-28 22:08:20.008786,1,False,Dummy Dataset,No Bias Mitigation,LogisticRegression,,['sensitive'],"{'save intermediate results to file': True, 'iter_1': 70}",0.892,0.8744,0.86603,,,,,0.005368,0.0,0.0,0.0,,,,,0.0,0.03061,0.04064,0.02261,1.05579,0.0,0.0,0.0,0.0
2023-10-28 22:08:19.945010,1,False,Dummy Dataset,FYP VAE,LogisticRegression,,['sensitive'],{'save intermediate results to file': True},0.674,0.55932,0.83333,,,,,0.14508,0.0,0.0,0.0,,,,,0.0,0.54796,0.27966,0.61098,2.7311,0.0,0.0,0.0,0.0
2023-10-28 22:05:55.119740,1,False,Dummy Dataset,Reweighing Bias Mitigation,LogisticRegression,,['sensitive'],"{'save intermediate results to file': True, 'iter_1': 70}",0.948,0.93627,0.93627,,,,,0.009648,0.0,0.0,0.0,,,,,0.0,0.02502,0.0586,0.04001,0.9057,0.0,0.0,0.0,0.0
2023-10-28 22:05:55.017759,1,False,Dummy Dataset,FairMask Bias Mitigation,LogisticRegression,DecisionTreeRegressor,['sensitive'],"{'save intermediate results to file': True, 'iter_1': 70}",0.942,0.91837,0.93264,,,,,0.00064,0.0,0.0,0.0,,,,,0.0,0.0285,0.04937,0.00263,0.99332,0.0,0.0,0.0,0.0
2023-10-28 22:05:54.842522,1,False,Dummy Dataset,No Bias Mitigation,LogisticRegression,,['sensitive'],"{'save intermediate results to file': True, 'iter_1': 70}",0.944,0.92079,0.93939,,,,,0.000784,0.0,0.0,0.0,,,,,0.0,0.03298,0.0343,0.00326,1.00809,0.0,0.0,0.0,0.0
2023-10-28 22:05:54.762854,1,False,Dummy Dataset,FYP VAE,LogisticRegression,,['sensitive'],{'save intermediate results to file': True},0.84,0.89542,0.68159,,,,,0.060356,0.0,0.0,0.0,,,,,0.0,0.22712,0.35547,0.24683,0.39966,0.0,0.0,0.0,0.0
2023-10-28 22:01:44.599841,1,False,Dummy Dataset,Reweighing Bias Mitigation,LogisticRegression,,['sensitive'],"{'save intermediate results to file': True, 'iter_1': 70}",0.94,0.91919,0.92857,,,,,0.000896,0.0,0.0,0.0,,,,,0.0,0.00392,0.0062,0.00382,0.99039,0.0,0.0,0.0,0.0
2023-10-28 22:01:44.488628,1,False,Dummy Dataset,FairMask Bias Mitigation,LogisticRegression,DecisionTreeRegressor,['sensitive'],"{'save intermediate results to file': True, 'iter_1': 70}",0.938,0.91542,0.92929,,,,,0.013132,0.0,0.0,0.0,,,,,0.0,0.03742,0.00044,0.05659,0.86612,0.0,0.0,0.0,0.0
2023-10-28 22:01:44.309503,1,False,Dummy Dataset,No Bias Mitigation,LogisticRegression,,['sensitive'],"{'save intermediate results to file': True, 'iter_1': 70}",0.93,0.9292,0.91703,,,,,0.000912,0.0,0.0,0.0,,,,,0.0,0.0474,0.08864,0.00398,0.99123,0.0,0.0,0.0,0.0
2023-10-28 22:01:44.233579,1,False,Dummy Dataset,FYP VAE,LogisticRegression,,['sensitive'],{'save intermediate results to file': True},0.596,0.0,0.0,,,,,0.0,0.0,0.0,0.0,,,,,0.0,0.0,0.0,0.0,0.0,0.0,0.0,0.0,0.0
2023-10-28 22:00:16.584669,1,False,Dummy Dataset,Reweighing Bias Mitigation,LogisticRegression,,['sensitive'],"{'save intermediate results to file': True, 'iter_1': 70}",0.936,0.91489,0.91489,,,,,0.005424,0.0,0.0,0.0,,,,,0.0,0.01408,0.02984,0.02221,0.94238,0.0,0.0,0.0,0.0
2023-10-28 22:00:16.479201,1,False,Dummy Dataset,FairMask Bias Mitigation,LogisticRegression,DecisionTreeRegressor,['sensitive'],"{'save intermediate results to file': True, 'iter_1': 70}",0.934,0.94554,0.89671,,,,,0.004064,0.0,0.0,0.0,,,,,0.0,0.01234,0.03483,0.01673,0.95929,0.0,0.0,0.0,0.0
2023-10-28 22:00:16.294668,1,False,Dummy Dataset,No Bias Mitigation,LogisticRegression,,['sensitive'],"{'save intermediate results to file': True, 'iter_1': 70}",0.95,0.95408,0.92118,,,,,0.009072,0.0,0.0,0.0,,,,,0.0,0.01895,0.05373,0.03734,0.90837,0.0,0.0,0.0,0.0
2023-10-28 22:00:16.218932,1,False,Dummy Dataset,FYP VAE,LogisticRegression,,['sensitive'],{'save intermediate results to file': True},0.646,0.0,0.0,,,,,0.0,0.0,0.0,0.0,,,,,0.0,0.0,0.0,0.0,0.0,0.0,0.0,0.0,0.0
2023-10-28 21:58:31.827370,1,False,Dummy Dataset,Reweighing Bias Mitigation,LogisticRegression,,['sensitive'],"{'save intermediate results to file': True, 'iter_1': 70}",0.942,0.90769,0.94149,,,,,0.00542,0.0,0.0,0.0,,,,,0.0,0.01528,0.04453,0.02305,0.94218,0.0,0.0,0.0,0.0
2023-10-28 21:58:31.715356,1,False,Dummy Dataset,FairMask Bias Mitigation,LogisticRegression,DecisionTreeRegressor,['sensitive'],"{'save intermediate results to file': True, 'iter_1': 70}",0.96,0.93264,0.96257,,,,,0.007812,0.0,0.0,0.0,,,,,0.0,0.00832,0.03764,0.03399,1.09092,0.0,0.0,0.0,0.0
2023-10-28 21:58:31.536451,1,False,Dummy Dataset,No Bias Mitigation,LogisticRegression,,['sensitive'],"{'save intermediate results to file': True, 'iter_1': 70}",0.918,0.88095,0.9204,,,,,0.00748,0.0,0.0,0.0,,,,,0.0,0.00403,0.06592,0.03102,1.07613,0.0,0.0,0.0,0.0
2023-10-28 21:58:31.468851,1,False,Dummy Dataset,FYP VAE,LogisticRegression,,['sensitive'],{'save intermediate results to file': True},0.614,0.0,0.0,,,,,0.0,0.0,0.0,0.0,,,,,0.0,0.0,0.0,0.0,0.0,0.0,0.0,0.0,0.0
2023-10-28 21:57:02.680937,1,False,Dummy Dataset,Reweighing Bias Mitigation,LogisticRegression,,['sensitive'],"{'save intermediate results to file': True, 'iter_1': 70}",0.934,0.91282,0.91753,,,,,0.0179,0.0,0.0,0.0,,,,,0.0,0.01906,0.04048,0.07524,1.20862,0.0,0.0,0.0,0.0
2023-10-28 21:57:02.575390,1,False,Dummy Dataset,FairMask Bias Mitigation,LogisticRegression,DecisionTreeRegressor,['sensitive'],"{'save intermediate results to file': True, 'iter_1': 70}",0.95,0.94737,0.93396,,,,,0.0042159999999999,0.0,0.0,0.0,,,,,0.0,0.0011,0.0076,0.0174,0.95907,0.0,0.0,0.0,0.0
2023-10-28 21:57:02.385677,1,False,Dummy Dataset,No Bias Mitigation,LogisticRegression,,['sensitive'],"{'save intermediate results to file': True, 'iter_1': 70}",0.94,0.93953,0.92237,,,,,0.01626,0.0,0.0,0.0,,,,,0.0,0.0067,0.01403,0.06684,1.16624,0.0,0.0,0.0,0.0
2023-10-28 21:57:02.297483,1,False,Dummy Dataset,FYP VAE,LogisticRegression,,['sensitive'],{'save intermediate results to file': True},0.612,0.0,0.0,,,,,0.0,0.0,0.0,0.0,,,,,0.0,0.0,0.0,0.0,0.0,0.0,0.0,0.0,0.0
2023-10-28 21:55:25.742292,1,False,Dummy Dataset,Reweighing Bias Mitigation,LogisticRegression,,['sensitive'],"{'save intermediate results to file': True, 'iter_1': 70}",0.936,0.89552,0.94241,,,,,0.010388,0.0,0.0,0.0,,,,,0.0,0.00171,0.00059,0.04351,0.8962,0.0,0.0,0.0,0.0
2023-10-28 21:55:25.641983,1,False,Dummy Dataset,FairMask Bias Mitigation,LogisticRegression,DecisionTreeRegressor,['sensitive'],"{'save intermediate results to file': True, 'iter_1': 70}",0.948,0.92991,0.94762,,,,,0.010224,0.0,0.0,0.0,,,,,0.0,0.0096,0.02609,0.0429,1.10433,0.0,0.0,0.0,0.0
2023-10-28 21:55:25.464603,1,False,Dummy Dataset,No Bias Mitigation,LogisticRegression,,['sensitive'],"{'save intermediate results to file': True, 'iter_1': 70}",0.944,0.91573,0.92614,,,,,0.012312,0.0,0.0,0.0,,,,,0.0,0.01994,0.01423,0.05139,1.15314,0.0,0.0,0.0,0.0
2023-10-28 21:55:25.403923,1,False,Dummy Dataset,FYP VAE,LogisticRegression,,['sensitive'],{'save intermediate results to file': True},0.582,0.0,0.0,,,,,0.0,0.0,0.0,0.0,,,,,0.0,0.0,0.0,0.0,0.0,0.0,0.0,0.0,0.0
2023-10-28 21:54:10.996462,1,False,Dummy Dataset,Reweighing Bias Mitigation,LogisticRegression,,['sensitive'],"{'save intermediate results to file': True, 'iter_1': 70}",0.952,0.94118,0.94118,,,,,0.00344,0.0,0.0,0.0,,,,,0.0,0.00417,0.01892,0.01404,0.9661,0.0,0.0,0.0,0.0
2023-10-28 21:54:10.887619,1,False,Dummy Dataset,FairMask Bias Mitigation,LogisticRegression,DecisionTreeRegressor,['sensitive'],"{'save intermediate results to file': True, 'iter_1': 70}",0.952,0.92574,0.95408,,,,,0.011512,0.0,0.0,0.0,,,,,0.0,0.00269,0.0188,0.0472,1.12288,0.0,0.0,0.0,0.0
2023-10-28 21:54:10.712502,1,False,Dummy Dataset,No Bias Mitigation,LogisticRegression,,['sensitive'],"{'save intermediate results to file': True, 'iter_1': 70}",0.924,0.9122,0.90338,,,,,0.01446,0.0,0.0,0.0,,,,,0.0,0.04041,0.02236,0.06056,1.15684,0.0,0.0,0.0,0.0
2023-10-28 21:54:10.644023,1,False,Dummy Dataset,FYP VAE,LogisticRegression,,['sensitive'],{'save intermediate results to file': True},0.612,0.0,0.0,,,,,0.0,0.0,0.0,0.0,,,,,0.0,0.0,0.0,0.0,0.0,0.0,0.0,0.0,0.0
2023-10-28 21:53:35.208739,1,False,Dummy Dataset,Reweighing Bias Mitigation,LogisticRegression,,['sensitive'],"{'save intermediate results to file': True, 'iter_1': 70}",0.942,0.92381,0.9372,,,,,0.00084,0.0,0.0,0.0,,,,,0.0,0.00397,0.01584,0.00349,0.99171,0.0,0.0,0.0,0.0
2023-10-28 21:53:35.063741,1,False,Dummy Dataset,FairMask Bias Mitigation,LogisticRegression,DecisionTreeRegressor,['sensitive'],"{'save intermediate results to file': True, 'iter_1': 70}",0.938,0.92271,0.92718,,,,,0.012148,0.0,0.0,0.0,,,,,0.0,0.0374,0.02889,0.05146,0.88134,0.0,0.0,0.0,0.0
2023-10-28 21:53:34.882086,1,False,Dummy Dataset,No Bias Mitigation,LogisticRegression,,['sensitive'],"{'save intermediate results to file': True, 'iter_1': 70}",0.948,0.93532,0.93532,,,,,0.001564,0.0,0.0,0.0,,,,,0.0,0.02085,0.01552,0.00662,0.98362,0.0,0.0,0.0,0.0
2023-10-28 21:53:34.810201,1,False,Dummy Dataset,FYP VAE,LogisticRegression,,['sensitive'],{'save intermediate results to file': True},0.632,0.0,0.0,,,,,0.0,0.0,0.0,0.0,,,,,0.0,0.0,0.0,0.0,0.0,0.0,0.0,0.0,0.0
2023-10-28 21:53:01.343276,1,False,Dummy Dataset,Reweighing Bias Mitigation,LogisticRegression,,['sensitive'],"{'save intermediate results to file': True, 'iter_1': 70}",0.934,0.90686,0.92965,,,,,0.0172,0.0,0.0,0.0,,,,,0.0,0.01751,0.02034,0.07167,0.83588,0.0,0.0,0.0,0.0
2023-10-28 21:53:01.242946,1,False,Dummy Dataset,FairMask Bias Mitigation,LogisticRegression,DecisionTreeRegressor,['sensitive'],"{'save intermediate results to file': True, 'iter_1': 70}",0.934,0.93651,0.89394,,,,,0.021468,0.0,0.0,0.0,,,,,0.0,0.01932,0.03482,0.08902,0.78505,0.0,0.0,0.0,0.0
2023-10-28 21:53:01.070883,1,False,Dummy Dataset,No Bias Mitigation,LogisticRegression,,['sensitive'],"{'save intermediate results to file': True, 'iter_1': 70}",0.95,0.92718,0.95025,,,,,0.005664,0.0,0.0,0.0,,,,,0.0,0.02378,0.02599,0.02314,1.05754,0.0,0.0,0.0,0.0
2023-10-28 21:53:01.005757,1,False,Dummy Dataset,FYP VAE,LogisticRegression,,['sensitive'],{'save intermediate results to file': True},0.554,0.0,0.0,,,,,0.0,0.0,0.0,0.0,,,,,0.0,0.0,0.0,0.0,0.0,0.0,0.0,0.0,0.0
2023-10-28 21:51:01.140459,1,False,Dummy Dataset,Reweighing Bias Mitigation,LogisticRegression,,['sensitive'],"{'save intermediate results to file': True, 'iter_1': 70}",0.96,0.96244,0.9447,,,,,0.005304,0.0,0.0,0.0,,,,,0.0,0.03205,0.05223,0.02218,1.05315,0.0,0.0,0.0,0.0
2023-10-28 21:51:01.028823,1,False,Dummy Dataset,FairMask Bias Mitigation,LogisticRegression,DecisionTreeRegressor,['sensitive'],"{'save intermediate results to file': True, 'iter_1': 70}",0.93,0.92271,0.90952,,,,,0.009536,0.0,0.0,0.0,,,,,0.0,0.01299,0.02839,0.03905,0.90931,0.0,0.0,0.0,0.0
2023-10-28 21:51:00.846325,1,False,Dummy Dataset,No Bias Mitigation,LogisticRegression,,['sensitive'],"{'save intermediate results to file': True, 'iter_1': 70}",0.95,0.92694,0.95755,,,,,0.022684,0.0,0.0,0.0,,,,,0.0,0.03493,0.03444,0.09609,1.23944,0.0,0.0,0.0,0.0
2023-10-28 21:51:00.771581,1,False,Dummy Dataset,FYP VAE,LogisticRegression,,['sensitive'],{'save intermediate results to file': True},0.616,0.0,0.0,,,,,0.0,0.0,0.0,0.0,,,,,0.0,0.0,0.0,0.0,0.0,0.0,0.0,0.0,0.0
2023-10-28 21:50:15.697160,1,False,Dummy Dataset,Reweighing Bias Mitigation,LogisticRegression,,['sensitive'],"{'save intermediate results to file': True, 'iter_1': 70}",0.934,0.90355,0.92708,,,,,0.010704,0.0,0.0,0.0,,,,,0.0,0.01989,0.01333,0.04525,1.12015,0.0,0.0,0.0,0.0
2023-10-28 21:50:15.593354,1,False,Dummy Dataset,FairMask Bias Mitigation,LogisticRegression,DecisionTreeRegressor,['sensitive'],"{'save intermediate results to file': True, 'iter_1': 70}",0.944,0.93088,0.93953,,,,,0.018996,0.0,0.0,0.0,,,,,0.0,0.04172,0.02315,0.07956,0.82903,0.0,0.0,0.0,0.0
2023-10-28 21:50:15.404550,1,False,Dummy Dataset,No Bias Mitigation,LogisticRegression,,['sensitive'],"{'save intermediate results to file': True, 'iter_1': 70}",0.93,0.91192,0.90722,,,,,0.006436,0.0,0.0,0.0,,,,,0.0,0.00696,0.01843,0.02632,0.93374,0.0,0.0,0.0,0.0
2023-10-28 21:50:15.320211,1,False,Dummy Dataset,FYP VAE,LogisticRegression,,['sensitive'],{'save intermediate results to file': True},0.588,0.0,0.0,,,,,0.0,0.0,0.0,0.0,,,,,0.0,0.0,0.0,0.0,0.0,0.0,0.0,0.0,0.0
2023-10-28 21:45:23.632892,1,False,Dummy Dataset,Reweighing Bias Mitigation,LogisticRegression,,['sensitive'],"{'save intermediate results to file': True, 'iter_1': 70}",0.952,0.9433,0.93367,,,,,0.003576,0.0,0.0,0.0,,,,,0.0,0.01079,0.02629,0.01493,1.03906,0.0,0.0,0.0,0.0
2023-10-28 21:45:23.524864,1,False,Dummy Dataset,FairMask Bias Mitigation,LogisticRegression,DecisionTreeRegressor,['sensitive'],"{'save intermediate results to file': True, 'iter_1': 70}",0.956,0.95588,0.9375,,,,,9.600000000002072e-05,0.0,0.0,0.0,,,,,0.0,0.00406,0.01239,0.0004,0.99903,0.0,0.0,0.0,0.0
2023-10-28 21:45:23.356786,1,False,Dummy Dataset,No Bias Mitigation,LogisticRegression,,['sensitive'],"{'save intermediate results to file': True, 'iter_1': 70}",0.952,0.91192,0.96175,,,,,0.009144,0.0,0.0,0.0,,,,,0.0,0.00905,0.00049,0.03823,1.10308,0.0,0.0,0.0,0.0
2023-10-28 21:45:23.294134,1,False,Dummy Dataset,FYP VAE,LogisticRegression,,['sensitive'],{'save intermediate results to file': True},0.59,0.0,0.0,,,,,0.0,0.0,0.0,0.0,,,,,0.0,0.0,0.0,0.0,0.0,0.0,0.0,0.0,0.0
2023-10-28 21:41:23.989623,1,False,Dummy Dataset,FYP VAE,LogisticRegression,,['sensitive'],{'save intermediate results to file': True},0.79,0.86792,0.50273,,,,,0.033344,0.0,0.0,0.0,,,,,0.0,0.17773,0.33222,0.13764,0.48777,0.0,0.0,0.0,0.0
2023-10-28 21:36:42.441394,1,False,Dummy Dataset,FYP VAE,LogisticRegression,,['sensitive'],{'save intermediate results to file': True},0.71,0.68817,0.35556,,,,,0.07254,0.0,0.0,0.0,,,,,0.0,0.35258,0.55172,0.30492,0.0,0.0,0.0,0.0,0.0
2023-10-28 21:35:36.253388,1,False,Dummy Dataset,FYP VAE,LogisticRegression,,['sensitive'],{'save intermediate results to file': True},0.898,0.84141,0.92718,,,,,0.002952,0.0,0.0,0.0,,,,,0.0,0.04448,0.07931,0.01219,1.02714,0.0,0.0,0.0,0.0
2023-10-28 21:34:03.026967,1,False,Dummy Dataset,FYP VAE,LogisticRegression,,['sensitive'],{'save intermediate results to file': True},0.616,0.0,0.0,,,,,0.0,0.0,0.0,0.0,,,,,0.0,0.0,0.0,0.0,0.0,0.0,0.0,0.0,0.0
2023-10-28 21:32:44.127343,1,False,Dummy Dataset,FYP VAE,LogisticRegression,,['sensitive'],{'save intermediate results to file': True},0.392,0.392,1.0,,,,,0.0,0.0,0.0,0.0,,,,,0.0,0.0,0.0,0.0,1.0,0.0,0.0,0.0,0.0
2023-10-28 21:30:21.885407,1,False,Dummy Dataset,FYP VAE,LogisticRegression,,['sensitive'],{'save intermediate results to file': True},0.41,0.41,1.0,,,,,0.0,0.0,0.0,0.0,,,,,0.0,0.0,0.0,0.0,1.0,0.0,0.0,0.0,0.0
2023-10-28 21:29:00.692248,1,False,Dummy Dataset,FYP VAE,LogisticRegression,,['sensitive'],{'save intermediate results to file': True},0.63,0.0,0.0,,,,,0.0,0.0,0.0,0.0,,,,,0.0,0.0,0.0,0.0,0.0,0.0,0.0,0.0,0.0
2023-10-28 21:27:55.565054,1,False,Dummy Dataset,FYP VAE,LogisticRegression,,['sensitive'],{'save intermediate results to file': True},0.602,0.0,0.0,,,,,0.0,0.0,0.0,0.0,,,,,0.0,0.0,0.0,0.0,0.0,0.0,0.0,0.0,0.0
2023-10-28 21:27:31.377840,1,False,Dummy Dataset,FYP VAE,LogisticRegression,,['sensitive'],{'save intermediate results to file': True},0.608,0.0,0.0,,,,,0.0,0.0,0.0,0.0,,,,,0.0,0.0,0.0,0.0,0.0,0.0,0.0,0.0,0.0
2023-10-28 21:27:05.507064,1,False,Dummy Dataset,FYP VAE,LogisticRegression,,['sensitive'],{'save intermediate results to file': True},0.594,0.0,0.0,,,,,0.0,0.0,0.0,0.0,,,,,0.0,0.0,0.0,0.0,0.0,0.0,0.0,0.0,0.0
2023-10-28 21:23:21.049676,1,False,Dummy Dataset,FYP VAE,LogisticRegression,,['sensitive'],{'save intermediate results to file': True},0.646,0.0,0.0,,,,,0.0,0.0,0.0,0.0,,,,,0.0,0.0,0.0,0.0,0.0,0.0,0.0,0.0,0.0
2023-10-28 21:22:31.798465,1,False,Dummy Dataset,FYP VAE,LogisticRegression,,['sensitive'],{'save intermediate results to file': True},0.63,0.0,0.0,,,,,0.0,0.0,0.0,0.0,,,,,0.0,0.0,0.0,0.0,0.0,0.0,0.0,0.0,0.0
2023-10-28 21:22:09.125205,1,False,Dummy Dataset,FYP VAE,LogisticRegression,,['sensitive'],{'save intermediate results to file': True},0.582,0.0,0.0,,,,,0.0,0.0,0.0,0.0,,,,,0.0,0.0,0.0,0.0,0.0,0.0,0.0,0.0,0.0
2023-10-28 21:21:43.316035,1,False,Dummy Dataset,FYP VAE,LogisticRegression,,['sensitive'],{'save intermediate results to file': True},0.646,0.0,0.0,,,,,0.0,0.0,0.0,0.0,,,,,0.0,0.0,0.0,0.0,0.0,0.0,0.0,0.0,0.0
2023-10-28 21:19:16.825486,1,False,Dummy Dataset,FYP VAE,LogisticRegression,,['sensitive'],{'save intermediate results to file': True},0.612,0.0,0.0,,,,,0.0,0.0,0.0,0.0,,,,,0.0,0.0,0.0,0.0,0.0,0.0,0.0,0.0,0.0
2023-10-28 21:18:58.532956,1,False,Dummy Dataset,FYP VAE,LogisticRegression,,['sensitive'],{'save intermediate results to file': True},0.618,0.0,0.0,,,,,0.0,0.0,0.0,0.0,,,,,0.0,0.0,0.0,0.0,0.0,0.0,0.0,0.0,0.0
2023-10-28 21:17:36.968070,1,False,Dummy Dataset,FYP VAE,LogisticRegression,,['sensitive'],{'save intermediate results to file': True},0.6,0.0,0.0,,,,,0.0,0.0,0.0,0.0,,,,,0.0,0.0,0.0,0.0,0.0,0.0,0.0,0.0,0.0
2023-10-28 21:16:48.205900,1,False,Dummy Dataset,FYP VAE,LogisticRegression,,['sensitive'],{'save intermediate results to file': True},0.574,0.0,0.0,,,,,0.0,0.0,0.0,0.0,,,,,0.0,0.0,0.0,0.0,0.0,0.0,0.0,0.0,0.0
2023-10-28 21:14:30.718711,1,False,Dummy Dataset,FYP VAE,LogisticRegression,,['sensitive'],{'save intermediate results to file': True},0.806,0.7754,0.725,,,,,0.007196,0.0,0.0,0.0,,,,,0.0,0.0199,0.03087,0.02912,1.08067,0.0,0.0,0.0,0.0
2023-10-28 21:13:42.145798,1,False,Dummy Dataset,FYP VAE,LogisticRegression,,['sensitive'],{'save intermediate results to file': True},0.648,0.61364,0.27551,,,,,0.0233439999999999,0.0,0.0,0.0,,,,,0.0,0.11359,0.15918,0.09777,0.54424,0.0,0.0,0.0,0.0
2023-10-28 21:12:39.140339,1,False,Dummy Dataset,FYP VAE,LogisticRegression,,['sensitive'],{'save intermediate results to file': True},0.638,0.62252,0.43119,,,,,0.039484,0.0,0.0,0.0,,,,,0.0,0.17234,0.24575,0.16009,0.57053,0.0,0.0,0.0,0.0
2023-10-28 21:11:38.437621,1,False,Dummy Dataset,FYP VAE,LogisticRegression,,['sensitive'],{'save intermediate results to file': True},0.512,0.40203,0.63978,,,,,0.237984,0.0,0.0,0.0,,,,,0.0,0.99167,1.0,0.98997,0.0,0.0,0.0,0.0,0.0
2023-10-28 21:08:01.546711,1,False,Dummy Dataset,FYP VAE,LogisticRegression,,['sensitive'],{'save intermediate results to file': True},0.584,0.0,0.0,,,,,0.0,0.0,0.0,0.0,,,,,0.0,0.0,0.0,0.0,0.0,0.0,0.0,0.0,0.0
2023-10-28 21:07:34.286333,1,False,Dummy Dataset,FYP VAE,LogisticRegression,,['sensitive'],{'save intermediate results to file': True},0.588,0.0,0.0,,,,,0.0,0.0,0.0,0.0,,,,,0.0,0.0,0.0,0.0,0.0,0.0,0.0,0.0,0.0
2023-10-28 21:06:51.288993,1,False,Dummy Dataset,FYP VAE,LogisticRegression,,['sensitive'],{'save intermediate results to file': True},0.452,0.38112,0.52913,,,,,0.224224,0.0,0.0,0.0,,,,,0.0,0.92913,0.85827,0.94079,0.0,0.0,0.0,0.0,0.0
2023-10-28 21:06:23.454128,1,False,Dummy Dataset,FYP VAE,LogisticRegression,,['sensitive'],{'save intermediate results to file': True},0.592,0.47368,0.18,,,,,0.019408,0.0,0.0,0.0,,,,,0.0,0.09934,0.19028,0.0806,0.56328,0.0,0.0,0.0,0.0
2023-10-28 21:04:59.776834,1,False,Dummy Dataset,FYP VAE,LogisticRegression,,['sensitive'],{'save intermediate results to file': True},0.606,0.0,0.0,,,,,0.0,0.0,0.0,0.0,,,,,0.0,0.0,0.0,0.0,0.0,0.0,0.0,0.0,0.0
2023-10-28 21:04:43.279253,1,False,Dummy Dataset,FYP VAE,LogisticRegression,,['sensitive'],{'save intermediate results to file': True},0.626,0.0,0.0,,,,,0.0,0.0,0.0,0.0,,,,,0.0,0.0,0.0,0.0,0.0,0.0,0.0,0.0,0.0
2023-10-28 21:04:02.543797,1,False,Dummy Dataset,FYP VAE,LogisticRegression,,['sensitive'],{'save intermediate results to file': True},0.584,0.0,0.0,,,,,0.0,0.0,0.0,0.0,,,,,0.0,0.0,0.0,0.0,0.0,0.0,0.0,0.0,0.0
2023-10-28 21:02:30.763284,1,False,Dummy Dataset,FYP VAE,LogisticRegression,,['sensitive'],{'save intermediate results to file': True},0.614,0.0,0.0,,,,,0.0,0.0,0.0,0.0,,,,,0.0,0.0,0.0,0.0,0.0,0.0,0.0,0.0,0.0
2023-10-28 21:02:15.846111,1,False,Dummy Dataset,FYP VAE,LogisticRegression,,['sensitive'],{'save intermediate results to file': True},0.582,0.0,0.0,,,,,0.0,0.0,0.0,0.0,,,,,0.0,0.0,0.0,0.0,0.0,0.0,0.0,0.0,0.0
2023-10-28 21:01:56.514269,1,False,Dummy Dataset,FYP VAE,LogisticRegression,,['sensitive'],{'save intermediate results to file': True},0.57,0.0,0.0,,,,,0.0,0.0,0.0,0.0,,,,,0.0,0.0,0.0,0.0,0.0,0.0,0.0,0.0,0.0
2023-10-28 21:01:41.051860,1,False,Dummy Dataset,FYP VAE,LogisticRegression,,['sensitive'],{'save intermediate results to file': True},0.616,0.0,0.0,,,,,0.0,0.0,0.0,0.0,,,,,0.0,0.0,0.0,0.0,0.0,0.0,0.0,0.0,0.0
2023-10-28 21:00:29.145752,1,False,Dummy Dataset,FYP VAE,LogisticRegression,,['sensitive'],{'save intermediate results to file': True},0.626,0.0,0.0,,,,,0.0,0.0,0.0,0.0,,,,,0.0,0.0,0.0,0.0,0.0,0.0,0.0,0.0,0.0
2023-10-28 20:59:40.520523,1,False,Dummy Dataset,FYP VAE,LogisticRegression,,['sensitive'],{'save intermediate results to file': True},0.606,0.0,0.0,,,,,0.0,0.0,0.0,0.0,,,,,0.0,0.0,0.0,0.0,0.0,0.0,0.0,0.0,0.0
2023-10-28 20:59:01.682637,1,False,Dummy Dataset,FYP VAE,LogisticRegression,,['sensitive'],{'save intermediate results to file': True},0.584,0.0,0.0,,,,,0.0,0.0,0.0,0.0,,,,,0.0,0.0,0.0,0.0,0.0,0.0,0.0,0.0,0.0
2023-10-28 20:58:35.936931,1,False,Dummy Dataset,FYP VAE,LogisticRegression,,['sensitive'],{'save intermediate results to file': True},0.646,0.0,0.0,,,,,0.0,0.0,0.0,0.0,,,,,0.0,0.0,0.0,0.0,0.0,0.0,0.0,0.0,0.0
2023-10-28 20:57:23.443334,1,False,Dummy Dataset,FYP VAE,LogisticRegression,,['sensitive'],{'save intermediate results to file': True},0.8,0.0,0.0,,,,,0.0,0.0,0.0,0.0,,,,,0.0,0.0,0.0,0.0,0.0,0.0,0.0,0.0,0.0
2023-10-28 20:56:17.925704,1,False,Dummy Dataset,FYP VAE,LogisticRegression,,['sensitive'],{'save intermediate results to file': True},0.6,0.0,0.0,,,,,0.0,0.0,0.0,0.0,,,,,0.0,0.0,0.0,0.0,0.0,0.0,0.0,0.0,0.0
2023-10-28 20:54:25.630674,1,False,Dummy Dataset,FYP VAE,LogisticRegression,,['sensitive'],{'save intermediate results to file': True},0.68,0.0,0.0,,,,,0.0,0.0,0.0,0.0,,,,,0.0,0.0,0.0,0.0,0.0,0.0,0.0,0.0,0.0
2023-10-28 20:53:25.784052,1,False,Dummy Dataset,FYP VAE,LogisticRegression,,['sensitive'],{'save intermediate results to file': True},0.46,0.0,0.0,,,,,0.0,0.0,0.0,0.0,,,,,0.0,0.0,0.0,0.0,0.0,0.0,0.0,0.0,0.0
2023-10-28 20:52:33.066610,1,False,Dummy Dataset,FYP VAE,LogisticRegression,,['sensitive'],{'save intermediate results to file': True},0.52,0.0,0.0,,,,,0.0,0.0,0.0,0.0,,,,,0.0,0.0,0.0,0.0,0.0,0.0,0.0,0.0,0.0
2023-10-28 20:52:17.927268,1,False,Dummy Dataset,FYP VAE,LogisticRegression,,['sensitive'],{'save intermediate results to file': True},0.66,0.0,0.0,,,,,0.0,0.0,0.0,0.0,,,,,0.0,0.0,0.0,0.0,0.0,0.0,0.0,0.0,0.0
2023-10-28 20:51:49.478235,1,False,Dummy Dataset,FYP VAE,LogisticRegression,,['sensitive'],{'save intermediate results to file': True},0.58,0.0,0.0,,,,,0.0,0.0,0.0,0.0,,,,,0.0,0.0,0.0,0.0,0.0,0.0,0.0,0.0,0.0
2023-10-28 20:14:35.983465,5,False,Dummy Dataset,FYP VAE,LogisticRegression,,['sensitive'],{'save intermediate results to file': True},0.3999999999999999,0.266666,0.6,,,,,0.0,0.0177777777777777,0.0622225777839999,0.24,,,,,0.0,0.2,0.4,0.0,0.6,0.06,0.24,0.0,0.24
2023-10-28 20:14:35.969451,1,False,Dummy Dataset,FYP VAE,LogisticRegression,,['sensitive'],{'save intermediate results to file': True},0.3333333333333333,0.0,0.0,,,,,0.0,0.0,0.0,0.0,,,,,0.0,0.0,0.0,0.0,0.0,0.0,0.0,0.0,0.0
2023-10-28 20:14:35.863467,1,False,Dummy Dataset,FYP VAE,LogisticRegression,,['sensitive'],{'save intermediate results to file': True},0.3333333333333333,0.0,0.0,,,,,0.0,0.0,0.0,0.0,,,,,0.0,0.0,0.0,0.0,0.0,0.0,0.0,0.0,0.0
2023-10-28 20:14:35.682085,1,False,Dummy Dataset,FYP VAE,LogisticRegression,,['sensitive'],{'save intermediate results to file': True},0.6666666666666666,0.66667,1.0,,,,,0.0,0.0,0.0,0.0,,,,,0.0,0.5,0.0,0.0,1.0,0.0,0.0,0.0,0.0
2023-10-28 20:14:35.487171,1,False,Dummy Dataset,FYP VAE,LogisticRegression,,['sensitive'],{'save intermediate results to file': True},0.3333333333333333,0.33333,1.0,,,,,0.0,0.0,0.0,0.0,,,,,0.0,0.0,1.0,0.0,1.0,0.0,0.0,0.0,0.0
2023-10-28 20:14:35.383517,1,False,Dummy Dataset,FYP VAE,LogisticRegression,,['sensitive'],{'save intermediate results to file': True},0.3333333333333333,0.33333,1.0,,,,,0.0,0.0,0.0,0.0,,,,,0.0,0.5,1.0,0.0,1.0,0.0,0.0,0.0,0.0
2023-10-28 20:13:07.791494,5,False,Dummy Dataset,FYP VAE,LogisticRegression,,['sensitive'],{'save intermediate results to file': True},0.2666666666666666,0.266664,0.8,,,,,0.0,0.0177777777777777,0.017777422224,0.16,,,,,0.0,0.2,0.8,0.0,0.8,0.06,0.16,0.0,0.16
2023-10-28 20:13:07.778419,1,False,Dummy Dataset,FYP VAE,LogisticRegression,,['sensitive'],{'save intermediate results to file': True},0.3333333333333333,0.33333,1.0,,,,,0.0,0.0,0.0,0.0,,,,,0.0,0.5,1.0,0.0,1.0,0.0,0.0,0.0,0.0
2023-10-28 20:13:07.713334,1,False,Dummy Dataset,FYP VAE,LogisticRegression,,['sensitive'],{'save intermediate results to file': True},0.3333333333333333,0.33333,1.0,,,,,0.0,0.0,0.0,0.0,,,,,0.0,0.0,1.0,0.0,1.0,0.0,0.0,0.0,0.0
2023-10-28 20:13:07.649023,1,False,Dummy Dataset,FYP VAE,LogisticRegression,,['sensitive'],{'save intermediate results to file': True},0.3333333333333333,0.33333,1.0,,,,,0.0,0.0,0.0,0.0,,,,,0.0,0.5,1.0,0.0,1.0,0.0,0.0,0.0,0.0
2023-10-28 20:13:07.581427,1,False,Dummy Dataset,FYP VAE,LogisticRegression,,['sensitive'],{'save intermediate results to file': True},0.0,0.0,0.0,,,,,0.0,0.0,0.0,0.0,,,,,0.0,0.0,0.0,0.0,0.0,0.0,0.0,0.0,0.0
2023-10-28 20:13:07.511759,1,False,Dummy Dataset,FYP VAE,LogisticRegression,,['sensitive'],{'save intermediate results to file': True},0.3333333333333333,0.33333,1.0,,,,,0.0,0.0,0.0,0.0,,,,,0.0,0.0,1.0,0.0,1.0,0.0,0.0,0.0,0.0
2023-10-28 20:12:04.126044,1,False,Dummy Dataset,FYP VAE,LogisticRegression,,['sensitive'],{'save intermediate results to file': True},0.0,0.0,0.0,,,,,0.0,0.0,0.0,0.0,,,,,0.0,0.0,0.0,0.0,0.0,0.0,0.0,0.0,0.0
2023-10-28 20:08:51.433589,1,False,Dummy Dataset,FYP VAE,LogisticRegression,,['sensitive'],{'save intermediate results to file': True},0.0,0.0,0.0,,,,,0.0,0.0,0.0,0.0,,,,,0.0,0.0,0.0,0.0,1.0,0.0,0.0,0.0,0.0
